{"0": ["http://visiongpu23.csail.mit.edu/scratch/datasets/DeepfakeDetection/facenet_smooth_frames/dfdc_train_part_6/gznlbpdnxa.mp4/face_0.mp4", "http://visiongpu23.csail.mit.edu/scratch/datasets/DeepfakeDetection/facenet_smooth_frames/dfdc_train_part_7/mlnazyfrhq.mp4/face_0.mp4", "http://visiongpu23.csail.mit.edu/scratch/datasets/DeepfakeDetection/facenet_smooth_frames/dfdc_train_part_6/bzxesmhumc.mp4/face_0.mp4", "http://visiongpu23.csail.mit.edu/scratch/datasets/DeepfakeDetection/facenet_smooth_frames/dfdc_train_part_7/colzynxyxj.mp4/face_0.mp4", "http://visiongpu23.csail.mit.edu/scratch/datasets/DeepfakeDetection/facenet_smooth_frames/dfdc_train_part_7/ofugihyuia.mp4/face_0.mp4", "http://visiongpu23.csail.mit.edu/scratch/datasets/DeepfakeDetection/facenet_smooth_frames/dfdc_train_part_6/iehcphzizv.mp4/face_0.mp4", "http://visiongpu23.csail.mit.edu/scratch/datasets/DeepfakeDetection/facenet_smooth_frames/dfdc_train_part_6/dcwkheoips.mp4/face_0.mp4", "http://visiongpu23.csail.mit.edu/scratch/datasets/DeepfakeDetection/facenet_smooth_frames/dfdc_train_part_0/hjxckindzx.mp4/face_0.mp4", "http://visiongpu23.csail.mit.edu/scratch/datasets/DeepfakeDetection/facenet_smooth_frames/dfdc_train_part_6/alxpnosgtc.mp4/face_0.mp4", "http://visiongpu23.csail.mit.edu/scratch/datasets/DeepfakeDetection/facenet_smooth_frames/dfdc_train_part_0/brihlutndc.mp4/face_0.mp4"], "1": ["http://visiongpu23.csail.mit.edu/scratch/datasets/DeepfakeDetection/facenet_smooth_frames/dfdc_train_part_6/cotvlcroov.mp4/face_0.mp4", "http://visiongpu23.csail.mit.edu/scratch/datasets/DeepfakeDetection/facenet_smooth_frames/dfdc_train_part_7/hbesbzgajw.mp4/face_0.mp4", "http://visiongpu23.csail.mit.edu/scratch/datasets/DeepfakeDetection/facenet_smooth_frames/dfdc_train_part_7/bqdpxnfcsu.mp4/face_0.mp4", "http://visiongpu23.csail.mit.edu/scratch/datasets/DeepfakeDetection/facenet_smooth_frames/dfdc_train_part_6/faaezphusq.mp4/face_0.mp4", "http://visiongpu23.csail.mit.edu/scratch/datasets/DeepfakeDetection/facenet_smooth_frames/dfdc_train_part_7/gxoutxuksj.mp4/face_0.mp4", "http://visiongpu23.csail.mit.edu/scratch/datasets/DeepfakeDetection/facenet_smooth_frames/dfdc_train_part_7/ipnahkyzem.mp4/face_0.mp4", "http://visiongpu23.csail.mit.edu/scratch/datasets/DeepfakeDetection/facenet_smooth_frames/dfdc_train_part_10/blyvubsbod.mp4/face_0.mp4", "http://visiongpu23.csail.mit.edu/scratch/datasets/DeepfakeDetection/facenet_smooth_frames/dfdc_train_part_6/kuitqwxsgf.mp4/face_0.mp4", "http://visiongpu23.csail.mit.edu/scratch/datasets/DeepfakeDetection/facenet_smooth_frames/dfdc_train_part_0/hqzwudvhih.mp4/face_0.mp4", "http://visiongpu23.csail.mit.edu/scratch/datasets/DeepfakeDetection/facenet_smooth_frames/dfdc_train_part_7/hivtukryen.mp4/face_0.mp4"], "2": ["http://visiongpu23.csail.mit.edu/scratch/datasets/DeepfakeDetection/facenet_smooth_frames/dfdc_train_part_7/cuibixkynh.mp4/face_0.mp4", "http://visiongpu23.csail.mit.edu/scratch/datasets/DeepfakeDetection/facenet_smooth_frames/dfdc_train_part_7/czvtpopqok.mp4/face_0.mp4", "http://visiongpu23.csail.mit.edu/scratch/datasets/DeepfakeDetection/facenet_smooth_frames/dfdc_train_part_7/czxtraxsnt.mp4/face_0.mp4", "http://visiongpu23.csail.mit.edu/scratch/datasets/DeepfakeDetection/facenet_smooth_frames/dfdc_train_part_7/kzdvuqacej.mp4/face_0.mp4", "http://visiongpu23.csail.mit.edu/scratch/datasets/DeepfakeDetection/facenet_smooth_frames/dfdc_train_part_7/dadqhcqwha.mp4/face_0.mp4", "http://visiongpu23.csail.mit.edu/scratch/datasets/DeepfakeDetection/facenet_smooth_frames/dfdc_train_part_7/dahznkybpw.mp4/face_0.mp4", "http://visiongpu23.csail.mit.edu/scratch/datasets/DeepfakeDetection/facenet_smooth_frames/dfdc_train_part_7/kvowohscey.mp4/face_0.mp4", "http://visiongpu23.csail.mit.edu/scratch/datasets/DeepfakeDetection/facenet_smooth_frames/dfdc_train_part_7/kvldmtznjx.mp4/face_0.mp4", "http://visiongpu23.csail.mit.edu/scratch/datasets/DeepfakeDetection/facenet_smooth_frames/dfdc_train_part_7/davhbwinyn.mp4/face_0.mp4", "http://visiongpu23.csail.mit.edu/scratch/datasets/DeepfakeDetection/facenet_smooth_frames/dfdc_train_part_7/kpssytguof.mp4/face_0.mp4"], "3": ["http://visiongpu23.csail.mit.edu/scratch/datasets/DeepfakeDetection/facenet_smooth_frames/dfdc_train_part_0/dolynaukae.mp4/face_0.mp4", "http://visiongpu23.csail.mit.edu/scratch/datasets/DeepfakeDetection/facenet_smooth_frames/dfdc_train_part_7/giyorutrsk.mp4/face_0.mp4", "http://visiongpu23.csail.mit.edu/scratch/datasets/DeepfakeDetection/facenet_smooth_frames/dfdc_train_part_0/ezzfdnllnp.mp4/face_0.mp4", "http://visiongpu23.csail.mit.edu/scratch/datasets/DeepfakeDetection/facenet_smooth_frames/dfdc_train_part_7/jgtfjkcdfy.mp4/face_0.mp4", "http://visiongpu23.csail.mit.edu/scratch/datasets/DeepfakeDetection/facenet_smooth_frames/dfdc_train_part_0/ahhdprhoww.mp4/face_0.mp4", "http://visiongpu23.csail.mit.edu/scratch/datasets/DeepfakeDetection/facenet_smooth_frames/dfdc_train_part_7/bspvtixfud.mp4/face_0.mp4", "http://visiongpu23.csail.mit.edu/scratch/datasets/DeepfakeDetection/facenet_smooth_frames/dfdc_train_part_0/hdgfgvcoqk.mp4/face_0.mp4", "http://visiongpu23.csail.mit.edu/scratch/datasets/DeepfakeDetection/facenet_smooth_frames/dfdc_train_part_1/lweyqsgphu.mp4/face_0.mp4", "http://visiongpu23.csail.mit.edu/scratch/datasets/DeepfakeDetection/facenet_smooth_frames/dfdc_train_part_7/fkgdbngipj.mp4/face_0.mp4", "http://visiongpu23.csail.mit.edu/scratch/datasets/DeepfakeDetection/facenet_smooth_frames/dfdc_train_part_7/hoxemyczix.mp4/face_0.mp4"], "4": ["http://visiongpu23.csail.mit.edu/scratch/datasets/DeepfakeDetection/facenet_smooth_frames/dfdc_train_part_7/fwynhpgaot.mp4/face_0.mp4", "http://visiongpu23.csail.mit.edu/scratch/datasets/DeepfakeDetection/facenet_smooth_frames/dfdc_train_part_7/bidlydtbkf.mp4/face_0.mp4", "http://visiongpu23.csail.mit.edu/scratch/datasets/DeepfakeDetection/facenet_smooth_frames/dfdc_train_part_7/ohsuexvbax.mp4/face_0.mp4", "http://visiongpu23.csail.mit.edu/scratch/datasets/DeepfakeDetection/facenet_smooth_frames/dfdc_train_part_7/nsgcfhrzpq.mp4/face_0.mp4", "http://visiongpu23.csail.mit.edu/scratch/datasets/DeepfakeDetection/facenet_smooth_frames/dfdc_train_part_7/nvkzmhtfeb.mp4/face_0.mp4", "http://visiongpu23.csail.mit.edu/scratch/datasets/DeepfakeDetection/facenet_smooth_frames/dfdc_train_part_7/lstgujovzj.mp4/face_0.mp4", "http://visiongpu23.csail.mit.edu/scratch/datasets/DeepfakeDetection/facenet_smooth_frames/dfdc_train_part_7/bnmkwtjris.mp4/face_0.mp4", "http://visiongpu23.csail.mit.edu/scratch/datasets/DeepfakeDetection/facenet_smooth_frames/dfdc_train_part_7/kzwlxdnxud.mp4/face_0.mp4", "http://visiongpu23.csail.mit.edu/scratch/datasets/DeepfakeDetection/facenet_smooth_frames/dfdc_train_part_0/iwswulwtjp.mp4/face_0.mp4", "http://visiongpu23.csail.mit.edu/scratch/datasets/DeepfakeDetection/facenet_smooth_frames/dfdc_train_part_6/mebtchtyrv.mp4/face_0.mp4"]}