{"0": ["http://visiongpu23.csail.mit.edu/scratch/datasets/DeepfakeDetection/facenet_smooth_frames/dfdc_train_part_21/aahdwkciqw.mp4/face_0.mp4", "http://visiongpu23.csail.mit.edu/scratch/datasets/DeepfakeDetection/facenet_smooth_frames/dfdc_train_part_10/crekmuotuk.mp4/face_0.mp4", "http://visiongpu23.csail.mit.edu/scratch/datasets/DeepfakeDetection/facenet_smooth_frames/dfdc_train_part_7/hcirwncxmn.mp4/face_0.mp4", "http://visiongpu23.csail.mit.edu/scratch/datasets/DeepfakeDetection/facenet_smooth_frames/dfdc_train_part_7/bxnheaevzx.mp4/face_0.mp4", "http://visiongpu23.csail.mit.edu/scratch/datasets/DeepfakeDetection/facenet_smooth_frames/dfdc_train_part_7/hvifqweyxx.mp4/face_0.mp4", "http://visiongpu23.csail.mit.edu/scratch/datasets/DeepfakeDetection/facenet_smooth_frames/dfdc_train_part_7/ivppedrozi.mp4/face_0.mp4", "http://visiongpu23.csail.mit.edu/scratch/datasets/DeepfakeDetection/facenet_smooth_frames/dfdc_train_part_11/dfvrytdmoe.mp4/face_0.mp4", "http://visiongpu23.csail.mit.edu/scratch/datasets/DeepfakeDetection/facenet_smooth_frames/dfdc_train_part_7/erujqhdqsu.mp4/face_0.mp4", "http://visiongpu23.csail.mit.edu/scratch/datasets/DeepfakeDetection/facenet_smooth_frames/dfdc_train_part_6/klcfvbtksk.mp4/face_0.mp4", "http://visiongpu23.csail.mit.edu/scratch/datasets/DeepfakeDetection/facenet_smooth_frames/dfdc_train_part_7/mpszbvxvsj.mp4/face_0.mp4"], "1": ["http://visiongpu23.csail.mit.edu/scratch/datasets/DeepfakeDetection/facenet_smooth_frames/dfdc_train_part_21/aetdhiqpaf.mp4/face_0.mp4", "http://visiongpu23.csail.mit.edu/scratch/datasets/DeepfakeDetection/facenet_smooth_frames/dfdc_train_part_0/acdkfksyev.mp4/face_0.mp4", "http://visiongpu23.csail.mit.edu/scratch/datasets/DeepfakeDetection/facenet_smooth_frames/dfdc_train_part_0/gyrdgpiygb.mp4/face_0.mp4", "http://visiongpu23.csail.mit.edu/scratch/datasets/DeepfakeDetection/facenet_smooth_frames/dfdc_train_part_7/lvrlrbgrdp.mp4/face_0.mp4", "http://visiongpu23.csail.mit.edu/scratch/datasets/DeepfakeDetection/facenet_smooth_frames/dfdc_train_part_7/isdmsccxor.mp4/face_0.mp4", "http://visiongpu23.csail.mit.edu/scratch/datasets/DeepfakeDetection/facenet_smooth_frames/dfdc_train_part_0/axzjovaktp.mp4/face_0.mp4", "http://visiongpu23.csail.mit.edu/scratch/datasets/DeepfakeDetection/facenet_smooth_frames/dfdc_train_part_7/ipsbxiaxme.mp4/face_0.mp4", "http://visiongpu23.csail.mit.edu/scratch/datasets/DeepfakeDetection/facenet_smooth_frames/dfdc_train_part_7/conodqbmpe.mp4/face_0.mp4", "http://visiongpu23.csail.mit.edu/scratch/datasets/DeepfakeDetection/facenet_smooth_frames/dfdc_train_part_0/drooaxkvib.mp4/face_0.mp4", "http://visiongpu23.csail.mit.edu/scratch/datasets/DeepfakeDetection/facenet_smooth_frames/dfdc_train_part_6/lzfgrtjpty.mp4/face_0.mp4"], "2": ["http://visiongpu23.csail.mit.edu/scratch/datasets/DeepfakeDetection/facenet_smooth_frames/dfdc_train_part_7/bxrlaehmdg.mp4/face_0.mp4", "http://visiongpu23.csail.mit.edu/scratch/datasets/DeepfakeDetection/facenet_smooth_frames/dfdc_train_part_7/kxserhilpo.mp4/face_0.mp4", "http://visiongpu23.csail.mit.edu/scratch/datasets/DeepfakeDetection/facenet_smooth_frames/dfdc_train_part_7/iyujymppjg.mp4/face_0.mp4", "http://visiongpu23.csail.mit.edu/scratch/datasets/DeepfakeDetection/facenet_smooth_frames/dfdc_train_part_7/mvvbcjmyqg.mp4/face_0.mp4", "http://visiongpu23.csail.mit.edu/scratch/datasets/DeepfakeDetection/facenet_smooth_frames/dfdc_train_part_7/imyxeippti.mp4/face_0.mp4", "http://visiongpu23.csail.mit.edu/scratch/datasets/DeepfakeDetection/facenet_smooth_frames/dfdc_train_part_7/huglgatpjc.mp4/face_0.mp4", "http://visiongpu23.csail.mit.edu/scratch/datasets/DeepfakeDetection/facenet_smooth_frames/dfdc_train_part_6/fwtfiussmt.mp4/face_0.mp4", "http://visiongpu23.csail.mit.edu/scratch/datasets/DeepfakeDetection/facenet_smooth_frames/dfdc_train_part_6/hrbjfjgnjg.mp4/face_0.mp4", "http://visiongpu23.csail.mit.edu/scratch/datasets/DeepfakeDetection/facenet_smooth_frames/dfdc_train_part_7/byofjwgexm.mp4/face_0.mp4", "http://visiongpu23.csail.mit.edu/scratch/datasets/DeepfakeDetection/facenet_smooth_frames/dfdc_train_part_11/bxdhawuldp.mp4/face_0.mp4"], "3": ["http://visiongpu23.csail.mit.edu/scratch/datasets/DeepfakeDetection/facenet_smooth_frames/dfdc_train_part_10/briiqgrhsv.mp4/face_0.mp4", "http://visiongpu23.csail.mit.edu/scratch/datasets/DeepfakeDetection/facenet_smooth_frames/dfdc_train_part_7/ifafihagaj.mp4/face_0.mp4", "http://visiongpu23.csail.mit.edu/scratch/datasets/DeepfakeDetection/facenet_smooth_frames/dfdc_train_part_7/nalwkssfay.mp4/face_0.mp4", "http://visiongpu23.csail.mit.edu/scratch/datasets/DeepfakeDetection/facenet_smooth_frames/dfdc_train_part_7/hsvprwptki.mp4/face_0.mp4", "http://visiongpu23.csail.mit.edu/scratch/datasets/DeepfakeDetection/facenet_smooth_frames/dfdc_train_part_6/atpwgkaeet.mp4/face_0.mp4", "http://visiongpu23.csail.mit.edu/scratch/datasets/DeepfakeDetection/facenet_smooth_frames/dfdc_train_part_7/cmyhcrqfnl.mp4/face_0.mp4", "http://visiongpu23.csail.mit.edu/scratch/datasets/DeepfakeDetection/facenet_smooth_frames/dfdc_train_part_7/gwhzrvwcky.mp4/face_0.mp4", "http://visiongpu23.csail.mit.edu/scratch/datasets/DeepfakeDetection/facenet_smooth_frames/dfdc_train_part_1/kwwdbsyzcv.mp4/face_0.mp4", "http://visiongpu23.csail.mit.edu/scratch/datasets/DeepfakeDetection/facenet_smooth_frames/dfdc_train_part_11/dkegmyzfmk.mp4/face_0.mp4", "http://visiongpu23.csail.mit.edu/scratch/datasets/DeepfakeDetection/facenet_smooth_frames/dfdc_train_part_21/adzxumycjn.mp4/face_0.mp4"], "4": ["http://visiongpu23.csail.mit.edu/scratch/datasets/DeepfakeDetection/facenet_smooth_frames/dfdc_train_part_6/dvfymgsmmd.mp4/face_0.mp4", "http://visiongpu23.csail.mit.edu/scratch/datasets/DeepfakeDetection/facenet_smooth_frames/dfdc_train_part_7/kntinphmto.mp4/face_0.mp4", "http://visiongpu23.csail.mit.edu/scratch/datasets/DeepfakeDetection/facenet_smooth_frames/dfdc_train_part_6/chvgivvrka.mp4/face_0.mp4", "http://visiongpu23.csail.mit.edu/scratch/datasets/DeepfakeDetection/facenet_smooth_frames/dfdc_train_part_7/gzrfjlvvqu.mp4/face_0.mp4", "http://visiongpu23.csail.mit.edu/scratch/datasets/DeepfakeDetection/facenet_smooth_frames/dfdc_train_part_0/hthuorhwdn.mp4/face_0.mp4", "http://visiongpu23.csail.mit.edu/scratch/datasets/DeepfakeDetection/facenet_smooth_frames/dfdc_train_part_6/jdjdnrufji.mp4/face_0.mp4", "http://visiongpu23.csail.mit.edu/scratch/datasets/DeepfakeDetection/facenet_smooth_frames/dfdc_train_part_11/bkrpxyjars.mp4/face_0.mp4", "http://visiongpu23.csail.mit.edu/scratch/datasets/DeepfakeDetection/facenet_smooth_frames/dfdc_train_part_6/gnatjshncl.mp4/face_0.mp4", "http://visiongpu23.csail.mit.edu/scratch/datasets/DeepfakeDetection/facenet_smooth_frames/dfdc_train_part_6/evpzowaulh.mp4/face_0.mp4", "http://visiongpu23.csail.mit.edu/scratch/datasets/DeepfakeDetection/facenet_smooth_frames/dfdc_train_part_7/abssilrpat.mp4/face_0.mp4"]}